[
  {
    "order_id": "ORD-1001",
    "event_type": "ORDER_PLACED",
    "event_timestamp": "2024-01-15T10:30:00Z",
    "customer_id": "C001",
    "order_amount": 64.78,
    "payment_method": "Credit Card"
  },
  {
    "order_id": "ORD-1001",
    "event_type": "PAYMENT_CONFIRMED",
    "event_timestamp": "2024-01-15T10:30:15Z",
    "transaction_id": "TXN-5001"
  },
  {
    "order_id": "ORD-1001",
    "event_type": "ORDER_SHIPPED",
    "event_timestamp": "2024-01-16T14:20:00Z",
    "carrier": "FastShip",
    "tracking_number": "FS123456789"
  },
  {
    "order_id": "ORD-1001",
    "event_type": "ORDER_DELIVERED",
    "event_timestamp": "2024-01-18T16:45:00Z",
    "delivery_notes": "Left at front door"
  },
  {
    "order_id": "ORD-1002",
    "event_type": "ORDER_PLACED",
    "event_timestamp": "2024-01-15T11:15:00Z",
    "customer_id": "C002",
    "order_amount": 146.24,
    "payment_method": "PayPal"
  },
  {
    "order_id": "ORD-1002",
    "event_type": "PAYMENT_CONFIRMED",
    "event_timestamp": "2024-01-15T11:15:30Z",
    "transaction_id": "TXN-5002"
  },
  {
    "order_id": "ORD-1002",
    "event_type": "ORDER_SHIPPED",
    "event_timestamp": "2024-01-16T15:00:00Z",
    "carrier": "QuickDelivery",
    "tracking_number": "QD987654321"
  },
  {
    "order_id": "ORD-1003",
    "event_type": "ORDER_PLACED",
    "event_timestamp": "2024-01-15T14:22:00Z",
    "customer_id": "C003",
    "order_amount": 64.77,
    "payment_method": "Credit Card"
  },
  {
    "order_id": "ORD-1003",
    "event_type": "PAYMENT_FAILED",
    "event_timestamp": "2024-01-15T14:22:10Z",
    "failure_reason": "Insufficient funds"
  },
  {
    "order_id": "ORD-1003",
    "event_type": "PAYMENT_RETRY",
    "event_timestamp": "2024-01-15T16:30:00Z",
    "payment_method": "Debit Card"
  },
  {
    "order_id": "ORD-1003",
    "event_type": "PAYMENT_CONFIRMED",
    "event_timestamp": "2024-01-15T16:30:15Z",
    "transaction_id": "TXN-5003"
  },
  {
    "order_id": "ORD-1003",
    "event_type": "ORDER_SHIPPED",
    "event_timestamp": "2024-01-17T09:00:00Z",
    "carrier": "FastShip",
    "tracking_number": "FS555444333"
  },
  {
    "order_id": "ORD-1003",
    "event_type": "ORDER_DELIVERED",
    "event_timestamp": "2024-01-19T11:30:00Z",
    "delivery_notes": "Signature required"
  }
]
